model,n_clusters,silhouette_score,inertia
kmeans,3,0.5494060755055178,4348.018327701238
kmeans,5,0.46665243885099666,3138.5742502770763
kmeans,4,0.4584101342413769,3657.1272806742886
kmeans,6,0.2735037998138751,2723.0125163565594
